FileType,OuDiaSecond.JikokuhyouCsv.3
2021.3.13(休日)
下りカスタマイズ

列車番号,,1501H,1503H,3901M,1505H,5101M,1507H,5103M,回251H,1509H,1511H,5105M,5705H,1515H,4107M,4707H,回253H,1517H,3105H,1519H,5111M,3107H,3903M,1523H,1525H,4113M,4713H,3111H,1527H,1529H,4115M,4515H,1531H,4117M,4517H,1533H,3119H,1537H,1539H,回1539H,4119M,4519H,3123H,1541H,4121M,4521H,1543H,1545H,4123M,4523H,3127H,1547H,4125M,4525H,1549H,1551H,4127M,4527H,3131H,1553H,4129M,4529H,1555H,4131M,4531H,1557H,1559H,4133M,4533H,3133H,回255H,1561H,4135M,4535H,1563H,4137M,4537H,3135H,1565H,4139M,4539H,2307H,1567H,4141M,4541H,2309H,1569H,4143M,4543H,2311H,1571H,4145M,4545H,2313H,1573H,4147M,4547H,2315H,1575H,4149M,4549H,2317H,1577H,4151M,4551H,2319H,1579H,4153M,4553H,2321H,1581H,4155M,4555H,2323H,1583H,4157M,4557H,2325H,1585H,4159M,4559H,2327H,1587H,4161M,4561H,2329H,1589H,4163M,4563H,2331H,1591H,4165M,4565H,2333H,1593H,4167M,4567H,2335H,1595H,4169M,4569H,2337H,1597H,4171M,4571H,2339H,1599H,4173M,4573H,2341H,1601H,4175M,4575H,2343H,1603H,4177M,4577H,2345H,1605H,4179M,4579H,3137H,1607H,4181M,4581H,1609H,4183M,4583H,3141H,1611H,4185M,4585H,1613H,4187M,4587H,1615H,3145H,1617H,4189M,4589H,1619H,4191M,4591H,3149H,1621H,4193M,4593H,1623H,回1623H,4195M,4595H,1625H,3153H,1627H,4197M,4597H,1629H,4199M,4599H,3157H,1631H,4201M,4601H,1633H,4203M,4603H,1635H,3161H,1637H,4205M,4605H,1639H,4207M,4607H,3165H,1641H,4209M,4609H,1643H,4211M,4611H,1645H,3169H,1647H,4213M,1649H,回1649H,4215M,4615H,3173H,1651H,4217M,1653H,4219M,3177H,1655H,4221M,4621H,1659H,4223M,3179H,1661H,4225M,3181H,1663H,4227M,1665H,4229M,3183H,1667H,4231M,1669H,4233M,4633H,1671H,4235M,4635H,1673H,1675H,4237M,1677H,4239M,1679H,4241M,1681H,1683H
運用番号,,179,172,140+154,176,162+144,137,130,185+133,113,116,166+161,161,126,163+155,155,146+138,123,151,173,159+142,165+164,163,65,125,177+184,184,174+132,66,61,180+143,143,70,183+181,181,68,146+138,69,147,147,140+154,154,171+157,62,156+182,182,63,64,179+128,128,175+131,124,130+129,129,176,126,166+172,172,174+132,160,136+170,170,70,162+144,144,65,113,139+155,155,146+138,116,67,177+153,153,164,159+142,142,185+133,123,163+150,150,115,68,180+169,169,175,165,183+184,184,125,62,127+122,122,148,63,140+143,143,114,64,156+161,161,157,176,179+181,181,158,126,130+154,154,135,70,166+182,182,171,62,136+128,128,115,160,162+129,129,175,116,139+173,173,125,176,177+170,170,148,164,159+144,144,114,70,163+155,155,157,62,180+153,153,158,160,183+142,142,135,116,127+172,172,171,123,140+169,169,115,164,156+122,122,175,70,179+143,143,125,62,130+150,150,131,166+184,184,126,68,136+154,154,64,162+168,168,69,185+133,66,139+182,182,113,177+128,128,148+157,176,159+173,173,65,65,163+134,134,114,174+132,67,180+170,170,123,183+144,144,146+138,164,127+161,161,124,140+153,153,70,171+175,131,156+155,155,125,172+179,179,185+133,64,122+130,130,69,181+166,166,116,148+157,113,142+136,66,66,143+162,162,174+132,68,150+139,176,184+177,146+138,123,129+159,159,67,154+163,171+175,63,182+180,135+164,124,183+173,62,145+137,155+181,125,127+128,131,134+172,172,69,140+147,140,64,157,170+156,68,153+122,185,184+132,70,116
列車種別,,普通,普通,ｼｬﾄﾙ,普通,関空,普通,関空,回送,普通,普通,関紀,紀州,普通,関紀,紀州,回送,普通,快速,普通,関空,快速,ｼｬﾄﾙ,普通,普通,関紀,紀州,快速,普通,普通,関紀,紀州,普通,関紀,紀州,普通,快速,普通,普通,回送,関紀,紀州,快速,普通,関紀,紀州,普通,普通,関紀,紀州,快速,普通,関紀,紀州,普通,普通,関紀,紀州,快速,普通,関紀,紀州,普通,関紀,紀州,普通,普通,関紀,紀州,快速,回送,普通,関紀,紀州,普通,関紀,紀州,快速,普通,関紀,紀州,区快,普通,関紀,紀州,区快,普通,関紀,紀州,区快,普通,関紀,紀州,区快,普通,関紀,紀州,区快,普通,関紀,紀州,区快,普通,関紀,紀州,区快,普通,関紀,紀州,区快,普通,関紀,紀州,区快,普通,関紀,紀州,区快,普通,関紀,紀州,区快,普通,関紀,紀州,区快,普通,関紀,紀州,区快,普通,関紀,紀州,区快,普通,関紀,紀州,区快,普通,関紀,紀州,区快,普通,関紀,紀州,区快,普通,関紀,紀州,区快,普通,関紀,紀州,区快,普通,関紀,紀州,区快,普通,関紀,紀州,快速,普通,関紀,紀州,普通,関紀,紀州,快速,普通,関紀,紀州,普通,関紀,紀州,普通,快速,普通,関紀,紀州,普通,関紀,紀州,快速,普通,関紀,紀州,普通,回送,関紀,紀州,普通,快速,普通,関紀,紀州,普通,関紀,紀州,快速,普通,関紀,紀州,普通,関紀,紀州,普通,快速,普通,関紀,紀州,普通,関紀,紀州,快速,普通,関紀,紀州,普通,関紀,紀州,普通,快速,普通,関空,普通,回送,関紀,紀州,快速,普通,快速,普通,関空,快速,普通,関紀,紀州,普通,関空,快速,普通,関空,快速,普通,快速,普通,快速,快速,普通,関空,普通,関紀,紀州,普通,紀州,紀州,普通,普通,快速,普通,快速,普通,快速,普通,普通
列車名,,,,,,,,,,,,,,,,,,,,,,,,,,,,,,,,,,,,,,,,,,,,,,,,,,,,,,,,,,,,,,,,,,,,,,,,,,,,,,,,,,,,,,,,,,,,,,,,,,,,,,,,,,,,,,,,,,,,,,,,,,,,,,,,,,,,,,,,,,,,,,,,,,,,,,,,,,,,,,,,,,,,,,,,,,,,,,,,,,,,,,,,,,,,,,,,,,,,,,,,,,,,,,,,,,,,,,,,,,,,,,,,,,,,,,,,,,,,,,,,,,,,,,,,,,,,,,,,,,,,,,,,,,
号数,,,,,,,,,,,,,,,,,,,,,,,,,,,,,,,,,,,,,,,,,,,,,,,,,,,,,,,,,,,,,,,,,,,,,,,,,,,,,,,,,,,,,,,,,,,,,,,,,,,,,,,,,,,,,,,,,,,,,,,,,,,,,,,,,,,,,,,,,,,,,,,,,,,,,,,,,,,,,,,,,,,,,,,,,,,,,,,,,,,,,,,,,,,,,,,,,,,,,,,,,,,,,,,,,,,,,,,,,,,,,,,,,,,,,,,,,,,,,,,,,,,,,,,,,,,,,,,,,,,,,,,,,,
,,,,,,,,,,,,,,,,,,,,,,,,,,,,,,,,,,,,,,,,,,,,,,,,,,,,,,,,,,,,,,,,,,,,,,,,,,,,,,,,,,,,,,,,,,,,,,,,,,,,,,,,,,,,,,,,,,,,,,,,,,,,,,,,,,,,,,,,,,,,,,,,,,,,,,,,,,,,,,,,,,,,,,,,,,,,,,,,,,,,,,,,,,,,,,,,,,,,,,,,,,,,,,,,,,,,,,,,,,,,,,,,,,,,,,,,,,,,,,,,,,,,,,,,,,,,,,,,,,,,,,,,,,
終着駅,,日根野,鳳,日根野,天王寺,天王寺,天王寺,天王寺,鳳,天王寺,天王寺,天王寺,日根野,天王寺,京橋,日根野,鳳,天王寺,天王寺,天王寺,天王寺,天王寺,日根野,天王寺,天王寺,京橋,日根野,天王寺,天王寺,天王寺,京橋,日根野,天王寺,京橋,日根野,天王寺,天王寺,天王寺,天王寺,熊取,京橋,日根野,天王寺,天王寺,京橋,日根野,天王寺,天王寺,京橋,日根野,天王寺,天王寺,京橋,日根野,天王寺,天王寺,京橋,日根野,天王寺,天王寺,京橋,日根野,天王寺,京橋,日根野,天王寺,天王寺,京橋,日根野,天王寺,天王寺,天王寺,京橋,日根野,天王寺,京橋,日根野,天王寺,天王寺,天王寺,日根野,天王寺,天王寺,天王寺,日根野,天王寺,天王寺,天王寺,日根野,天王寺,天王寺,天王寺,日根野,天王寺,天王寺,天王寺,日根野,天王寺,天王寺,天王寺,日根野,天王寺,天王寺,天王寺,日根野,天王寺,天王寺,天王寺,日根野,天王寺,天王寺,天王寺,日根野,天王寺,天王寺,天王寺,日根野,天王寺,天王寺,天王寺,日根野,天王寺,天王寺,天王寺,日根野,天王寺,天王寺,天王寺,日根野,天王寺,天王寺,天王寺,日根野,天王寺,天王寺,天王寺,日根野,天王寺,天王寺,天王寺,日根野,天王寺,天王寺,天王寺,日根野,天王寺,天王寺,天王寺,日根野,天王寺,天王寺,天王寺,日根野,天王寺,天王寺,天王寺,日根野,天王寺,天王寺,天王寺,日根野,天王寺,天王寺,天王寺,日根野,天王寺,天王寺,日根野,天王寺,天王寺,天王寺,日根野,天王寺,天王寺,日根野,天王寺,天王寺,天王寺,天王寺,日根野,天王寺,天王寺,日根野,天王寺,天王寺,天王寺,日根野,天王寺,熊取,天王寺,日根野,天王寺,天王寺,天王寺,天王寺,日根野,天王寺,天王寺,日根野,天王寺,天王寺,天王寺,日根野,天王寺,天王寺,日根野,天王寺,天王寺,天王寺,天王寺,日根野,天王寺,天王寺,日根野,天王寺,天王寺,天王寺,日根野,天王寺,天王寺,日根野,天王寺,天王寺,天王寺,天王寺,天王寺,和泉府中,天王寺,日根野,天王寺,天王寺,天王寺,天王寺,天王寺,天王寺,天王寺,天王寺,日根野,天王寺,天王寺,天王寺,天王寺,天王寺,天王寺,天王寺,天王寺,天王寺,京橋,天王寺,天王寺,天王寺,天王寺,京橋,日根野,天王寺,天王寺,日根野,天王寺,天王寺,天王寺,天王寺,天王寺,天王寺,京橋,天王寺,天王寺
終着駅,,和歌山,和歌山,関西空港,和歌山,関西空港,和歌山,関西空港,日根野,和歌山,和歌山,関西空港,和歌山,日根野,関西空港,和歌山,東岸和田,和歌山,和歌山,和歌山,関西空港,和歌山,関西空港,熊取,日根野,関西空港,和歌山,日根野,日根野,日根野,関西空港,和歌山,鳳,関西空港,和歌山,日根野,日根野,日根野,熊取,日根野,関西空港,和歌山,日根野,熊取,関西空港,和歌山,熊取,熊取,関西空港,和歌山,日根野,鳳,関西空港,和歌山,熊取,熊取,関西空港,和歌山,日根野,鳳,関西空港,和歌山,熊取,関西空港,和歌山,日根野,日根野,関西空港,和歌山,日根野,鳳,日根野,関西空港,和歌山,鳳,関西空港,和歌山,日根野,鳳,関西空港,和歌山,日根野,鳳,関西空港,和歌山,日根野,鳳,関西空港,和歌山,日根野,鳳,関西空港,和歌山,日根野,鳳,関西空港,和歌山,日根野,鳳,関西空港,和歌山,日根野,鳳,関西空港,和歌山,日根野,鳳,関西空港,和歌山,日根野,鳳,関西空港,和歌山,日根野,鳳,関西空港,和歌山,日根野,鳳,関西空港,和歌山,日根野,鳳,関西空港,和歌山,日根野,鳳,関西空港,和歌山,日根野,鳳,関西空港,和歌山,日根野,鳳,関西空港,和歌山,日根野,鳳,関西空港,和歌山,日根野,鳳,関西空港,和歌山,日根野,鳳,関西空港,和歌山,日根野,熊取,関西空港,和歌山,日根野,熊取,関西空港,和歌山,日根野,熊取,関西空港,和歌山,日根野,日根野,関西空港,和歌山,熊取,関西空港,和歌山,和歌山,日根野,関西空港,和歌山,熊取,関西空港,和歌山,熊取,和歌山,日根野,関西空港,和歌山,熊取,関西空港,和歌山,和歌山,日根野,関西空港,和歌山,熊取,日根野,関西空港,和歌山,日根野,和歌山,日根野,関西空港,和歌山,熊取,関西空港,和歌山,和歌山,日根野,関西空港,和歌山,熊取,関西空港,和歌山,日根野,和歌山,日根野,関西空港,和歌山,熊取,関西空港,和歌山,和歌山,和泉砂川,関西空港,和歌山,熊取,関西空港,和歌山,和歌山,和歌山,日根野,関西空港,和泉府中,東貝塚,関西空港,和歌山,和歌山,日根野,日根野,和歌山,関西空港,和歌山,和歌山,関西空港,和歌山,日根野,関西空港,鳳,和歌山,関西空港,和歌山,日根野,関西空港,和歌山,東岸和田,和歌山,和泉府中,関西空港,日根野,関西空港,和歌山,和歌山,日根野,和歌山,和歌山,日根野,日根野,鳳,日根野,日根野,鳳,鳳,鳳
天王寺,発,,,, 511, 525, 539, 554,, 559, 611, 618,, 628, 631,,, 643, 649, 655, 659, 710,, 712, 724, 727,, 734, 735, 744, 748,, 756, 759,, 804, 815, 817, 824,, 828,, 834, 836, 843,, 846, 854, 857,, 905, 906, 913,, 915, 924, 928,, 936, 939, 942,, 952, 959,,1002,1010,1013,,1019,1024,1026,1029,,1038,1041,,1049,1053,1055,,1104,1108,1110,,1119,1123,1125,,1134,1138,1140,,1149,1153,1155,,1204,1208,1210,,1219,1223,1225,,1234,1238,1240,,1249,1253,1255,,1304,1308,1310,,1319,1323,1325,,1334,1338,1340,,1349,1353,1355,,1404,1408,1410,,1419,1423,1425,,1434,1438,1440,,1449,1453,1455,,1504,1508,1510,,1519,1523,1525,,1534,1538,1540,,1549,1553,1555,,1605,1608,1610,,1623,1628,,1635,1636,1643,,1650,1658,,1700,1705,1710,1713,,1723,1728,,1735,1736,1744,,1750,,1758,,1800,1805,1810,1813,,1823,1828,,1835,1836,1843,,1850,1858,,1900,1905,1910,1913,,1923,1928,,1935,1936,1943,,1950,1958,,2000,2005,2010,2013,2023,,2028,,2035,2036,2043,2050,2058,2105,2106,2113,,2123,2128,2137,2140,2143,2151,2155,2158,2209,2214,2221,2223,2230,2237,2245,,2250,2302,,2304,2318,2324,2333,2342,2352, 000, 008, 024
美章園,発,,,, 514, ﾚ, 542, ﾚ,, 602, 613, ﾚ,, 630, ﾚ,,, 645, ﾚ, 658, ﾚ, ﾚ,, 714, 726, ﾚ,, ﾚ, 738, 747, ﾚ,, 759, ﾚ,, 807, ﾚ, 819, 827,, ﾚ,, ﾚ, 838, ﾚ,, 848, 856, ﾚ,, ﾚ, 909, ﾚ,, 917, 927, ﾚ,, ﾚ, 941, ﾚ,, 955, ﾚ,,1005,1012, ﾚ,, ﾚ, ﾚ,1028, ﾚ,,1040, ﾚ,, ﾚ,1055, ﾚ,, ﾚ,1110, ﾚ,, ﾚ,1125, ﾚ,, ﾚ,1140, ﾚ,, ﾚ,1155, ﾚ,, ﾚ,1210, ﾚ,, ﾚ,1225, ﾚ,, ﾚ,1240, ﾚ,, ﾚ,1255, ﾚ,, ﾚ,1310, ﾚ,, ﾚ,1325, ﾚ,, ﾚ,1340, ﾚ,, ﾚ,1355, ﾚ,, ﾚ,1410, ﾚ,, ﾚ,1425, ﾚ,, ﾚ,1440, ﾚ,, ﾚ,1455, ﾚ,, ﾚ,1510, ﾚ,, ﾚ,1525, ﾚ,, ﾚ,1540, ﾚ,, ﾚ,1555, ﾚ,, ﾚ,1610, ﾚ,,1625, ﾚ,, ﾚ,1639, ﾚ,,1652, ﾚ,,1702, ﾚ,1712, ﾚ,,1725, ﾚ,, ﾚ,1739, ﾚ,,1752,, ﾚ,,1802, ﾚ,1812, ﾚ,,1825, ﾚ,, ﾚ,1839, ﾚ,,1852, ﾚ,,1902, ﾚ,1912, ﾚ,,1925, ﾚ,, ﾚ,1939, ﾚ,,1952, ﾚ,,2003, ﾚ,2012, ﾚ,2025,, ﾚ,, ﾚ,2039, ﾚ,2052, ﾚ, ﾚ,2109, ﾚ,,2125, ﾚ, ﾚ,2142, ﾚ, ﾚ,2158, ﾚ,2212, ﾚ, ﾚ,2226, ﾚ,2240, ﾚ,,2252, ﾚ,,2307,2320, ﾚ,2335, ﾚ,2354, ﾚ, 010, 026
南田辺,発,,,, 516, ﾚ, 544, ﾚ,, 604, 616, ﾚ,, 632, ﾚ,,, 647, ﾚ, 700, ﾚ, ﾚ,, 717, 728, ﾚ,, ﾚ, 740, 749, ﾚ,, 801, ﾚ,, 809, ﾚ, 821, 829,, ﾚ,, ﾚ, 840, ﾚ,, 850, 859, ﾚ,, ﾚ, 911, ﾚ,, 919, 929, ﾚ,, ﾚ, 944, ﾚ,, 957, ﾚ,,1007,1014, ﾚ,, ﾚ, ﾚ,1030, ﾚ,,1042, ﾚ,, ﾚ,1057, ﾚ,, ﾚ,1112, ﾚ,, ﾚ,1127, ﾚ,, ﾚ,1142, ﾚ,, ﾚ,1157, ﾚ,, ﾚ,1212, ﾚ,, ﾚ,1227, ﾚ,, ﾚ,1242, ﾚ,, ﾚ,1257, ﾚ,, ﾚ,1312, ﾚ,, ﾚ,1327, ﾚ,, ﾚ,1342, ﾚ,, ﾚ,1357, ﾚ,, ﾚ,1412, ﾚ,, ﾚ,1427, ﾚ,, ﾚ,1442, ﾚ,, ﾚ,1457, ﾚ,, ﾚ,1512, ﾚ,, ﾚ,1527, ﾚ,, ﾚ,1542, ﾚ,, ﾚ,1557, ﾚ,, ﾚ,1612, ﾚ,,1627, ﾚ,, ﾚ,1641, ﾚ,,1655, ﾚ,,1704, ﾚ,1715, ﾚ,,1728, ﾚ,, ﾚ,1741, ﾚ,,1755,, ﾚ,,1804, ﾚ,1815, ﾚ,,1828, ﾚ,, ﾚ,1841, ﾚ,,1855, ﾚ,,1904, ﾚ,1915, ﾚ,,1928, ﾚ,, ﾚ,1941, ﾚ,,1955, ﾚ,,2005, ﾚ,2015, ﾚ,2028,, ﾚ,, ﾚ,2041, ﾚ,2055, ﾚ, ﾚ,2111, ﾚ,,2128, ﾚ, ﾚ,2144, ﾚ, ﾚ,2200, ﾚ,2214, ﾚ, ﾚ,2228, ﾚ,2242, ﾚ,,2254, ﾚ,,2309,2322, ﾚ,2337, ﾚ,2357, ﾚ, 013, 028
鶴ヶ丘,発,,,, 518, ﾚ, 546, ﾚ,, 606, 617, ﾚ,, 636, ﾚ,,, 649, ﾚ, 704, ﾚ, ﾚ,, 718, 732, ﾚ,, ﾚ, 743, 753, ﾚ,, 805, ﾚ,, 814, ﾚ, 823, 833,, ﾚ,, ﾚ, 842, ﾚ,, 854, 902, ﾚ,, ﾚ, 913, ﾚ,, 921, 933, ﾚ,, ﾚ, 948, ﾚ,, 959, ﾚ,,1009,1018, ﾚ,, ﾚ, ﾚ,1034, ﾚ,,1046, ﾚ,, ﾚ,1101, ﾚ,, ﾚ,1116, ﾚ,, ﾚ,1131, ﾚ,, ﾚ,1146, ﾚ,, ﾚ,1201, ﾚ,, ﾚ,1216, ﾚ,, ﾚ,1231, ﾚ,, ﾚ,1246, ﾚ,, ﾚ,1301, ﾚ,, ﾚ,1316, ﾚ,, ﾚ,1331, ﾚ,, ﾚ,1346, ﾚ,, ﾚ,1401, ﾚ,, ﾚ,1416, ﾚ,, ﾚ,1431, ﾚ,, ﾚ,1446, ﾚ,, ﾚ,1501, ﾚ,, ﾚ,1516, ﾚ,, ﾚ,1531, ﾚ,, ﾚ,1546, ﾚ,, ﾚ,1601, ﾚ,, ﾚ,1616, ﾚ,,1633, ﾚ,, ﾚ,1643, ﾚ,,1656, ﾚ,,1709, ﾚ,1723, ﾚ,,1733, ﾚ,, ﾚ,1743, ﾚ,,1756,, ﾚ,,1809, ﾚ,1823, ﾚ,,1833, ﾚ,, ﾚ,1843, ﾚ,,1856, ﾚ,,1910, ﾚ,1923, ﾚ,,1933, ﾚ,, ﾚ,1943, ﾚ,,1956, ﾚ,,2009, ﾚ,2023, ﾚ,2033,, ﾚ,, ﾚ,2043, ﾚ,2056, ﾚ, ﾚ,2113, ﾚ,,2133, ﾚ, ﾚ,2149, ﾚ, ﾚ,2204, ﾚ,2219, ﾚ, ﾚ,2230, ﾚ,2244, ﾚ,,2256, ﾚ,,2311,2324, ﾚ,2339, ﾚ,2359, ﾚ, 015, 030
長居,発,,,, 520, ﾚ, 548, ﾚ,, 607, 619, ﾚ,, 638, ﾚ,,, 651, ﾚ, 706, ﾚ, ﾚ,, 720, 734, ﾚ,, ﾚ, 745, 755, ﾚ,, 806, ﾚ,, 816, ﾚ, 825, 835,, ﾚ,, ﾚ, 844, ﾚ,, 856, 904, ﾚ,, ﾚ, 914, ﾚ,, 923, 935, ﾚ,, ﾚ, 949, ﾚ,,1000, ﾚ,,1011,1020, ﾚ,, ﾚ, ﾚ,1036, ﾚ,,1048, ﾚ,, ﾚ,1103, ﾚ,, ﾚ,1118, ﾚ,, ﾚ,1133, ﾚ,, ﾚ,1148, ﾚ,, ﾚ,1203, ﾚ,, ﾚ,1218, ﾚ,, ﾚ,1233, ﾚ,, ﾚ,1248, ﾚ,, ﾚ,1303, ﾚ,, ﾚ,1318, ﾚ,, ﾚ,1333, ﾚ,, ﾚ,1348, ﾚ,, ﾚ,1403, ﾚ,, ﾚ,1418, ﾚ,, ﾚ,1433, ﾚ,, ﾚ,1448, ﾚ,, ﾚ,1503, ﾚ,, ﾚ,1518, ﾚ,, ﾚ,1533, ﾚ,, ﾚ,1548, ﾚ,, ﾚ,1603, ﾚ,, ﾚ,1618, ﾚ,,1634, ﾚ,, ﾚ,1645, ﾚ,,1658, ﾚ,,1711, ﾚ,1725, ﾚ,,1734, ﾚ,, ﾚ,1745, ﾚ,,1758,, ﾚ,,1811, ﾚ,1825, ﾚ,,1834, ﾚ,, ﾚ,1845, ﾚ,,1858, ﾚ,,1911, ﾚ,1925, ﾚ,,1935, ﾚ,, ﾚ,1945, ﾚ,,1958, ﾚ,,2011, ﾚ,2025, ﾚ,2035,, ﾚ,, ﾚ,2045, ﾚ,2058, ﾚ, ﾚ,2114, ﾚ,,2135, ﾚ, ﾚ,2151, ﾚ, ﾚ,2206, ﾚ,2221, ﾚ, ﾚ,2232, ﾚ,2246, ﾚ,,2258, ﾚ,,2313,2326, ﾚ,2341, ﾚ, 000, ﾚ, 016, 032
我孫子町,発,,,, 521, ﾚ, 549, ﾚ,, 609, 621, ﾚ,, 640, ﾚ,,, 653, ﾚ, 708, ﾚ, ﾚ,, 722, 736, ﾚ,, ﾚ, 747, 757, ﾚ,, 808, ﾚ,, 818, ﾚ, 827, 836,, ﾚ,, ﾚ, 846, ﾚ,, 858, 906, ﾚ,, ﾚ, 916, ﾚ,, 925, 937, ﾚ,, ﾚ, 951, ﾚ,,1002, ﾚ,,1012,1022, ﾚ,, ﾚ, ﾚ,1038, ﾚ,,1050, ﾚ,, ﾚ,1105, ﾚ,, ﾚ,1120, ﾚ,, ﾚ,1135, ﾚ,, ﾚ,1150, ﾚ,, ﾚ,1205, ﾚ,, ﾚ,1220, ﾚ,, ﾚ,1235, ﾚ,, ﾚ,1250, ﾚ,, ﾚ,1305, ﾚ,, ﾚ,1320, ﾚ,, ﾚ,1335, ﾚ,, ﾚ,1350, ﾚ,, ﾚ,1405, ﾚ,, ﾚ,1420, ﾚ,, ﾚ,1435, ﾚ,, ﾚ,1450, ﾚ,, ﾚ,1505, ﾚ,, ﾚ,1520, ﾚ,, ﾚ,1535, ﾚ,, ﾚ,1550, ﾚ,, ﾚ,1605, ﾚ,, ﾚ,1620, ﾚ,,1636, ﾚ,, ﾚ,1647, ﾚ,,1700, ﾚ,,1713, ﾚ,1727, ﾚ,,1736, ﾚ,, ﾚ,1747, ﾚ,,1800,, ﾚ,,1813, ﾚ,1827, ﾚ,,1836, ﾚ,, ﾚ,1847, ﾚ,,1900, ﾚ,,1913, ﾚ,1927, ﾚ,,1937, ﾚ,, ﾚ,1947, ﾚ,,2000, ﾚ,,2013, ﾚ,2027, ﾚ,2037,, ﾚ,, ﾚ,2047, ﾚ,2100, ﾚ, ﾚ,2116, ﾚ,,2137, ﾚ, ﾚ,2153, ﾚ, ﾚ,2208, ﾚ,2223, ﾚ, ﾚ,2234, ﾚ,2248, ﾚ,,2300, ﾚ,,2315,2328, ﾚ,2343, ﾚ, 002, ﾚ, 018, 034
杉本町,発,,,, 524, ﾚ, 552, ﾚ,, 612, 626, ﾚ,, 645, ﾚ,,, 657, ﾚ, 711, ﾚ, ﾚ,, 726, 741, ﾚ,, ﾚ, 750, 801, ﾚ,, 814, ﾚ,, 823, ﾚ, 829, 842,, ﾚ,, ﾚ, 850, ﾚ,, 900, 912, ﾚ,, ﾚ, 922, ﾚ,, 930, 943, ﾚ,, ﾚ, 957, ﾚ,,1007, ﾚ,,1015,1027, ﾚ,, ﾚ, ﾚ,1042, ﾚ,,1057, ﾚ,, ﾚ,1112, ﾚ,, ﾚ,1127, ﾚ,, ﾚ,1142, ﾚ,, ﾚ,1157, ﾚ,, ﾚ,1212, ﾚ,, ﾚ,1227, ﾚ,, ﾚ,1242, ﾚ,, ﾚ,1257, ﾚ,, ﾚ,1312, ﾚ,, ﾚ,1327, ﾚ,, ﾚ,1342, ﾚ,, ﾚ,1357, ﾚ,, ﾚ,1412, ﾚ,, ﾚ,1427, ﾚ,, ﾚ,1442, ﾚ,, ﾚ,1457, ﾚ,, ﾚ,1512, ﾚ,, ﾚ,1527, ﾚ,, ﾚ,1542, ﾚ,, ﾚ,1557, ﾚ,, ﾚ,1612, ﾚ,, ﾚ,1627, ﾚ,,1642, ﾚ,, ﾚ,1655, ﾚ,,1706, ﾚ,,1716, ﾚ,1729, ﾚ,,1742, ﾚ,, ﾚ,1755, ﾚ,,1806,, ﾚ,,1816, ﾚ,1829, ﾚ,,1842, ﾚ,, ﾚ,1855, ﾚ,,1905, ﾚ,,1916, ﾚ,1929, ﾚ,,1944, ﾚ,, ﾚ,1955, ﾚ,,2006, ﾚ,,2016, ﾚ,2029, ﾚ,2044,, ﾚ,, ﾚ,2055, ﾚ,2113, ﾚ, ﾚ,2126, ﾚ,,2144, ﾚ, ﾚ,2159, ﾚ, ﾚ,2213, ﾚ,2228, ﾚ, ﾚ,2240, ﾚ,2252, ﾚ,,2303, ﾚ,,2319,2333, ﾚ,2350, ﾚ, 007, ﾚ, 021, 037
浅香,発,,,, 526, ﾚ, 554, ﾚ,, 614, 628, ﾚ,, 647, ﾚ,,, 659, ﾚ, 712, ﾚ, ﾚ,, 728, 743, ﾚ,, ﾚ, 752, 803, ﾚ,, 816, ﾚ,, 825, ﾚ, 831, 844,, ﾚ,, ﾚ, 852, ﾚ,, 902, 914, ﾚ,, ﾚ, 924, ﾚ,, 932, 945, ﾚ,, ﾚ, 959, ﾚ,,1009, ﾚ,,1017,1029, ﾚ,, ﾚ, ﾚ,1044, ﾚ,,1059, ﾚ,, ﾚ,1114, ﾚ,, ﾚ,1129, ﾚ,, ﾚ,1144, ﾚ,, ﾚ,1159, ﾚ,, ﾚ,1214, ﾚ,, ﾚ,1229, ﾚ,, ﾚ,1244, ﾚ,, ﾚ,1259, ﾚ,, ﾚ,1314, ﾚ,, ﾚ,1329, ﾚ,, ﾚ,1344, ﾚ,, ﾚ,1359, ﾚ,, ﾚ,1414, ﾚ,, ﾚ,1429, ﾚ,, ﾚ,1444, ﾚ,, ﾚ,1459, ﾚ,, ﾚ,1514, ﾚ,, ﾚ,1529, ﾚ,, ﾚ,1544, ﾚ,, ﾚ,1559, ﾚ,, ﾚ,1614, ﾚ,, ﾚ,1629, ﾚ,,1644, ﾚ,, ﾚ,1657, ﾚ,,1708, ﾚ,,1718, ﾚ,1731, ﾚ,,1744, ﾚ,, ﾚ,1757, ﾚ,,1808,, ﾚ,,1818, ﾚ,1831, ﾚ,,1844, ﾚ,, ﾚ,1857, ﾚ,,1907, ﾚ,,1918, ﾚ,1931, ﾚ,,1946, ﾚ,, ﾚ,1957, ﾚ,,2008, ﾚ,,2018, ﾚ,2031, ﾚ,2046,, ﾚ,, ﾚ,2057, ﾚ,2115, ﾚ, ﾚ,2127, ﾚ,,2146, ﾚ, ﾚ,2201, ﾚ, ﾚ,2215, ﾚ,2230, ﾚ, ﾚ,2242, ﾚ,2254, ﾚ,,2305, ﾚ,,2321,2334, ﾚ,2351, ﾚ, 009, ﾚ, 023, 039
堺市,発,,,, 528, 533, 556, 602,, 616, 629, 626,, 649, 639,,, 701, 658, 714, 707, 721,, 730, 745, 735,, 742, 753, 805, 756,, 818, 808,, 826, 823, 833, 846,, 836,, 843, 854, 851,, 904, 916, 907,, 913, 925, 922,, 934, 947, 936,, 944,1001, 951,,1011,1007,,1019,1031,1021,,1029, ﾚ,1045,1037,,1100,1051,,1057,1115,1104,,1112,1130,1119,,1127,1145,1134,,1142,1200,1149,,1157,1215,1204,,1212,1230,1219,,1227,1245,1234,,1242,1300,1249,,1257,1315,1304,,1312,1330,1319,,1327,1345,1334,,1342,1400,1349,,1357,1415,1404,,1412,1430,1419,,1427,1445,1434,,1442,1500,1449,,1457,1515,1504,,1512,1530,1519,,1527,1545,1534,,1542,1600,1549,,1557,1615,1604,,1613,1630,1619,,1646,1636,,1643,1659,1652,,1709,1706,,1720,1713,1733,1722,,1746,1737,,1743,1759,1752,,1809,,1806,,1820,1813,1833,1822,,1846,1837,,1843,1859,1852,,1909,1906,,1920,1914,1933,1922,,1947,1937,,1944,1959,1952,,2009,2007,,2020,2013,2033,2022,2047,,2037,,2044,2059,2052,2117,2107,2113,2129,2122,,2148,2137,2145,2203,2152,2159,2217,2208,2232,2222,2230,2244,2239,2256,2253,,2307,2312,,2323,2336,2333,2353,2351, 011, 008, 025, 041
三国ヶ丘,発,,,, 530, 535, 558, 604,, 618, 632, 628,, 651, 641,,, 703, 700, 716, 709, 723,, 732, 747, 738,, 744, 756, 807, 758,, 820, 810,, 829, 825, 835, 848,, 838,, 846, 856, 853,, 906, 918, 909,, 915, 927, 924,, 936, 949, 939,, 946,1003, 953,,1013,1010,,1021,1033,1024,,1031, ﾚ,1048,1039,,1103,1053,,1059,1118,1106,,1114,1133,1121,,1129,1148,1136,,1144,1203,1151,,1159,1218,1206,,1214,1233,1221,,1229,1248,1236,,1244,1303,1251,,1259,1318,1306,,1314,1333,1321,,1329,1348,1336,,1344,1403,1351,,1359,1418,1406,,1414,1433,1421,,1429,1448,1436,,1444,1503,1451,,1459,1518,1506,,1514,1533,1521,,1529,1548,1536,,1544,1603,1551,,1559,1618,1606,,1615,1633,1621,,1648,1638,,1646,1701,1654,,1712,1708,,1722,1715,1735,1724,,1748,1739,,1746,1801,1754,,1812,,1808,,1822,1815,1835,1824,,1848,1839,,1846,1901,1854,,1911,1908,,1922,1916,1935,1925,,1950,1939,,1946,2001,1954,,2012,2009,,2022,2015,2035,2024,2050,,2039,,2046,2101,2054,2119,2109,2115,2132,2124,,2150,2139,2147,2205,2154,2201,2219,2210,2234,2225,2232,2246,2241,2258,2255,,2309,2314,,2325,2338,2336,2356,2353, 013, 010, 027, 043
百舌鳥,発,,,, 532, ﾚ, 600, ﾚ,, 619, 633, ﾚ,, 652, ﾚ,,, 705, ﾚ, 718, ﾚ, ﾚ,, 733, 748, ﾚ,, ﾚ, 757, 809, ﾚ,, 822, ﾚ,, 830, ﾚ, 837, 850,, ﾚ,, ﾚ, 858, ﾚ,, 908, 920, ﾚ,, ﾚ, 929, ﾚ,, 938, 951, ﾚ,, ﾚ,1005, ﾚ,,1015, ﾚ,,1023,1035, ﾚ,, ﾚ, ﾚ,1049, ﾚ,,1104, ﾚ,, ﾚ,1119, ﾚ,, ﾚ,1134, ﾚ,, ﾚ,1149, ﾚ,, ﾚ,1204, ﾚ,, ﾚ,1219, ﾚ,, ﾚ,1234, ﾚ,, ﾚ,1249, ﾚ,, ﾚ,1304, ﾚ,, ﾚ,1319, ﾚ,, ﾚ,1334, ﾚ,, ﾚ,1349, ﾚ,, ﾚ,1404, ﾚ,, ﾚ,1419, ﾚ,, ﾚ,1434, ﾚ,, ﾚ,1449, ﾚ,, ﾚ,1504, ﾚ,, ﾚ,1519, ﾚ,, ﾚ,1534, ﾚ,, ﾚ,1549, ﾚ,, ﾚ,1604, ﾚ,, ﾚ,1619, ﾚ,, ﾚ,1634, ﾚ,,1650, ﾚ,, ﾚ,1703, ﾚ,,1713, ﾚ,,1724, ﾚ,1737, ﾚ,,1750, ﾚ,, ﾚ,1803, ﾚ,,1813,, ﾚ,,1824, ﾚ,1837, ﾚ,,1850, ﾚ,, ﾚ,1903, ﾚ,,1913, ﾚ,,1924, ﾚ,1937, ﾚ,,1951, ﾚ,, ﾚ,2003, ﾚ,,2013, ﾚ,,2024, ﾚ,2037, ﾚ,2051,, ﾚ,, ﾚ,2103, ﾚ,2121, ﾚ, ﾚ,2133, ﾚ,,2152, ﾚ, ﾚ,2207, ﾚ, ﾚ,2221, ﾚ,2236, ﾚ, ﾚ,2248, ﾚ,2300, ﾚ,,2311, ﾚ,,2327,2340, ﾚ,2357, ﾚ, 015, ﾚ, 029, 045
上野芝,発,,,, 534, ﾚ, 602, ﾚ,, 622, 636, ﾚ,, 655, ﾚ,,, 707, ﾚ, 722, ﾚ, ﾚ,, 736, 753, ﾚ,, ﾚ, 802, 813, ﾚ,, 828, ﾚ,, 833, ﾚ, 845, 856,, ﾚ,, ﾚ, 903, ﾚ,, 915, 923, ﾚ,, ﾚ, 934, ﾚ,, 945, 957, ﾚ,, ﾚ,1007, ﾚ,,1017, ﾚ,,1030,1046, ﾚ,, ﾚ, ﾚ,1058, ﾚ,,1113, ﾚ,, ﾚ,1124, ﾚ,, ﾚ,1139, ﾚ,, ﾚ,1154, ﾚ,, ﾚ,1209, ﾚ,, ﾚ,1224, ﾚ,, ﾚ,1239, ﾚ,, ﾚ,1254, ﾚ,, ﾚ,1309, ﾚ,, ﾚ,1324, ﾚ,, ﾚ,1339, ﾚ,, ﾚ,1354, ﾚ,, ﾚ,1409, ﾚ,, ﾚ,1424, ﾚ,, ﾚ,1439, ﾚ,, ﾚ,1454, ﾚ,, ﾚ,1509, ﾚ,, ﾚ,1524, ﾚ,, ﾚ,1539, ﾚ,, ﾚ,1554, ﾚ,, ﾚ,1610, ﾚ,, ﾚ,1631, ﾚ,, ﾚ,1645, ﾚ,,1700, ﾚ,, ﾚ,1706, ﾚ,,1719, ﾚ,,1731, ﾚ,1745, ﾚ,,1800, ﾚ,, ﾚ,1806, ﾚ,,1819,, ﾚ,,1831, ﾚ,1845, ﾚ,,1900, ﾚ,, ﾚ,1906, ﾚ,,1920, ﾚ,,1933, ﾚ,1945, ﾚ,,2000, ﾚ,, ﾚ,2006, ﾚ,,2019, ﾚ,,2031, ﾚ,2045, ﾚ,2100,, ﾚ,, ﾚ,2106, ﾚ,2130, ﾚ, ﾚ,2136, ﾚ,,2200, ﾚ, ﾚ,2209, ﾚ, ﾚ,2223, ﾚ,2239, ﾚ, ﾚ,2251, ﾚ,2303, ﾚ,,2313, ﾚ,,2330,2343, ﾚ, 000, ﾚ, 017, ﾚ, 031, 047
津久野,発,,,, 536, ﾚ, 604, ﾚ,, 624, 638, ﾚ,, 657, ﾚ,,, 709, ﾚ, 724, ﾚ, ﾚ,, 738, 755, ﾚ,, ﾚ, 804, 815, ﾚ,, 830, ﾚ,, 835, ﾚ, 847, 858,, ﾚ,, ﾚ, 905, ﾚ,, 917, 925, ﾚ,, ﾚ, 936, ﾚ,, 947, 959, ﾚ,, ﾚ,1009, ﾚ,,1019, ﾚ,,1032,1048, ﾚ,, ﾚ, ﾚ,1100, ﾚ,,1115, ﾚ,, ﾚ,1126, ﾚ,, ﾚ,1141, ﾚ,, ﾚ,1156, ﾚ,, ﾚ,1211, ﾚ,, ﾚ,1226, ﾚ,, ﾚ,1241, ﾚ,, ﾚ,1256, ﾚ,, ﾚ,1311, ﾚ,, ﾚ,1326, ﾚ,, ﾚ,1341, ﾚ,, ﾚ,1356, ﾚ,, ﾚ,1411, ﾚ,, ﾚ,1426, ﾚ,, ﾚ,1441, ﾚ,, ﾚ,1456, ﾚ,, ﾚ,1511, ﾚ,, ﾚ,1526, ﾚ,, ﾚ,1541, ﾚ,, ﾚ,1556, ﾚ,, ﾚ,1612, ﾚ,, ﾚ,1633, ﾚ,, ﾚ,1647, ﾚ,,1702, ﾚ,, ﾚ,1708, ﾚ,,1721, ﾚ,,1733, ﾚ,1747, ﾚ,,1802, ﾚ,, ﾚ,1808, ﾚ,,1821,, ﾚ,,1833, ﾚ,1847, ﾚ,,1902, ﾚ,, ﾚ,1908, ﾚ,,1922, ﾚ,,1935, ﾚ,1947, ﾚ,,2002, ﾚ,, ﾚ,2008, ﾚ,,2021, ﾚ,,2033, ﾚ,2047, ﾚ,2102,, ﾚ,, ﾚ,2108, ﾚ,2132, ﾚ, ﾚ,2138, ﾚ,,2202, ﾚ, ﾚ,2211, ﾚ, ﾚ,2226, ﾚ,2241, ﾚ, ﾚ,2253, ﾚ,2305, ﾚ,,2315, ﾚ,,2332,2345, ﾚ, 002, ﾚ, 019, ﾚ, 033, 049
鳳,発,, 504,, 544, 541, 614, 610, 624, 627, 641, 634,, 701, 647,, 656, 717, 706, 733, 715, 729,, 745, 758, 744,, 750, 810, 823, 804,, 832, 816,, 838, 831, 853, 904,, 846,, 852, 909, 859,, 924, 936, 917,, 922, 938, 930,, 954,1008, 947,, 952,1012, 959,,1023,1016,,1039,1051,1032,,1037,1042,1107,1047,,1117,1100,,1105,1128,1115,,1120,1143,1127,,1135,1158,1142,,1150,1214,1157,,1205,1228,1212,,1220,1243,1227,,1235,1259,1242,,1250,1313,1257,,1305,1329,1312,,1320,1344,1327,,1335,1359,1342,,1350,1414,1357,,1405,1428,1412,,1420,1444,1427,,1435,1459,1442,,1450,1514,1457,,1505,1528,1512,,1520,1543,1527,,1535,1608,1542,,1550,1622,1557,,1605,1637,1612,,1621,1653,1630,,1706,1647,,1652,1716,1702,,1724,1715,,1739,1721,1754,1732,,1806,1747,,1752,1816,1802,,1824,,1815,,1839,1821,1854,1832,,1906,1847,,1852,1919,1902,,1925,1914,,1939,1922,1954,1933,,2006,1947,,1952,2016,2002,,2024,2015,,2039,2021,2054,2032,2106,,2047,,2052,2116,2102,2136,2115,2121,2150,2132,,2210,2145,2152,2222,2200,2207,2234,2217,2249,2231,2239,2303,2247,2310,2301,,2326,2321,,2343, 000,2342, 004,2359, 023, 015, 036, 051
富木,発,, 506,, 547, ﾚ, 616, ﾚ, ﾚ, 630, 644, ﾚ,, 703, ﾚ,, ﾚ, 719, ﾚ, 735, ﾚ, ﾚ,, 747, 801, ﾚ,, ﾚ, 812, 825, ﾚ,,, ﾚ,, 841, ﾚ, 855, 906,, ﾚ,, ﾚ, 911, ﾚ,, 926, 938, ﾚ,, ﾚ,, ﾚ,, 956,1010, ﾚ,, ﾚ,, ﾚ,,1025, ﾚ,,1041,1054, ﾚ,, ﾚ,,1109, ﾚ,,, ﾚ,, ﾚ,, ﾚ,,1122,, ﾚ,,1137,, ﾚ,,1152,, ﾚ,,1207,, ﾚ,,1222,, ﾚ,,1237,, ﾚ,,1252,, ﾚ,,1307,, ﾚ,,1322,, ﾚ,,1337,, ﾚ,,1352,, ﾚ,,1407,, ﾚ,,1422,, ﾚ,,1437,, ﾚ,,1452,, ﾚ,,1507,, ﾚ,,1522,, ﾚ,,1537,1610, ﾚ,,1552,1625, ﾚ,,1607,1639, ﾚ,, ﾚ,1655, ﾚ,,1708, ﾚ,, ﾚ,1719, ﾚ,,1726, ﾚ,,1741, ﾚ,1756, ﾚ,,1808, ﾚ,, ﾚ,1819, ﾚ,,1826,, ﾚ,,1841, ﾚ,1856, ﾚ,,1908, ﾚ,, ﾚ,1921, ﾚ,,1927, ﾚ,,1941, ﾚ,1956, ﾚ,,2008, ﾚ,, ﾚ,2019, ﾚ,,2026, ﾚ,,2041, ﾚ,2056, ﾚ,2108,, ﾚ,, ﾚ,2119, ﾚ,2138, ﾚ, ﾚ,2152, ﾚ,,2212, ﾚ,,2224, ﾚ, ﾚ,2236, ﾚ,2251, ﾚ, ﾚ,2305, ﾚ,2312, ﾚ,,2329, ﾚ,,2345, 003, ﾚ,, ﾚ, 025,,,
北信太,発,, 508,, 549, ﾚ, 618, ﾚ, ﾚ, 632, 646, ﾚ,, 705, ﾚ,, ﾚ, 721, ﾚ, 738, ﾚ, ﾚ,, 750, 803, ﾚ,, ﾚ, 814, 827, ﾚ,,, ﾚ,, 843, ﾚ, 857, 908,, ﾚ,, ﾚ, 913, ﾚ,, 928, 940, ﾚ,, ﾚ,, ﾚ,, 958,1012, ﾚ,, ﾚ,, ﾚ,,1027, ﾚ,,1043,1056, ﾚ,, ﾚ,,1111, ﾚ,,, ﾚ,, ﾚ,, ﾚ,,1124,, ﾚ,,1139,, ﾚ,,1154,, ﾚ,,1209,, ﾚ,,1224,, ﾚ,,1239,, ﾚ,,1254,, ﾚ,,1309,, ﾚ,,1324,, ﾚ,,1339,, ﾚ,,1354,, ﾚ,,1409,, ﾚ,,1424,, ﾚ,,1439,, ﾚ,,1454,, ﾚ,,1509,, ﾚ,,1524,, ﾚ,,1539,1612, ﾚ,,1554,1627, ﾚ,,1609,1641, ﾚ,, ﾚ,1658, ﾚ,,1710, ﾚ,, ﾚ,1721, ﾚ,,1729, ﾚ,,1743, ﾚ,1758, ﾚ,,1810, ﾚ,, ﾚ,1821, ﾚ,,1829,, ﾚ,,1843, ﾚ,1858, ﾚ,,1910, ﾚ,, ﾚ,1923, ﾚ,,1930, ﾚ,,1943, ﾚ,1958, ﾚ,,2010, ﾚ,, ﾚ,2021, ﾚ,,2029, ﾚ,,2043, ﾚ,2058, ﾚ,2110,, ﾚ,, ﾚ,2121, ﾚ,2140, ﾚ, ﾚ,2154, ﾚ,,2214, ﾚ,,2227, ﾚ, ﾚ,2238, ﾚ,2254, ﾚ, ﾚ,2307, ﾚ,2314, ﾚ,,2331, ﾚ,,2348, 005, ﾚ,, ﾚ, 027,,,
信太山,発,, 510,, 551, ﾚ, 620, ﾚ, ﾚ, 634, 648, ﾚ,, 707, ﾚ,, ﾚ, 723, ﾚ, 740, ﾚ, ﾚ,, 752, 805, ﾚ,, ﾚ, 816, 829, ﾚ,,, ﾚ,, 845, ﾚ, 859, 910,, ﾚ,, ﾚ, 915, ﾚ,, 930, 942, ﾚ,, ﾚ,, ﾚ,,1000,1014, ﾚ,, ﾚ,, ﾚ,,1029, ﾚ,,1045,1058, ﾚ,, ﾚ,,1113, ﾚ,,, ﾚ,, ﾚ,, ﾚ,,1126,, ﾚ,,1141,, ﾚ,,1156,, ﾚ,,1211,, ﾚ,,1226,, ﾚ,,1241,, ﾚ,,1256,, ﾚ,,1311,, ﾚ,,1326,, ﾚ,,1341,, ﾚ,,1356,, ﾚ,,1411,, ﾚ,,1426,, ﾚ,,1441,, ﾚ,,1456,, ﾚ,,1511,, ﾚ,,1526,, ﾚ,,1541,1614, ﾚ,,1556,1629, ﾚ,,1611,1643, ﾚ,, ﾚ,1700, ﾚ,,1712, ﾚ,, ﾚ,1723, ﾚ,,1731, ﾚ,,1745, ﾚ,1800, ﾚ,,1812, ﾚ,, ﾚ,1823, ﾚ,,1831,, ﾚ,,1845, ﾚ,1900, ﾚ,,1912, ﾚ,, ﾚ,1925, ﾚ,,1932, ﾚ,,1945, ﾚ,2000, ﾚ,,2012, ﾚ,, ﾚ,2023, ﾚ,,2031, ﾚ,,2045, ﾚ,2100, ﾚ,2112,, ﾚ,, ﾚ,2123, ﾚ,2142, ﾚ, ﾚ,2156, ﾚ,,2216, ﾚ,,2229, ﾚ, ﾚ,2240, ﾚ,2256, ﾚ, ﾚ,2309, ﾚ,2316, ﾚ,,2333, ﾚ,,2350, 007, ﾚ,, ﾚ, 029,,,
和泉府中,発,, 513,, 553, 546, 623, 615, ﾚ, 642, 657, 639,, 713, 652,, ﾚ, 728, 711, 743, 720, 734,, 759, 813, 748,, 756, 826, 837, 809,,, 820,, 853, 836, 907, 913,, 851,, 857, 923, 904,, 940, 953, 922,, 927,, 935,,1010,1025, 952,, 958,,1004,,1039,1020,,1054,1107,1037,,1043,,1122,1053,,,1105,,1111,,1120,,1129,,1134,,1144,,1149,,1159,,1204,,1214,,1218,,1229,,1234,,1244,,1249,,1259,,1304,,1314,,1318,,1329,,1334,,1344,,1349,,1359,,1404,,1414,,1418,,1429,,1434,,1444,,1449,,1459,,1504,,1514,,1518,,1529,,1534,,1544,1627,1549,,1559,1640,1604,,1614,1653,1618,,1626,1710,1635,,1721,1652,,1658,1730,1707,,1741,1720,,1754,1728,1810,1737,,1821,1752,,1758,1830,1807,,1841,,1820,,1854,1828,1910,1837,,1922,1852,,1858,1931,1907,,1941,1919,,1954,1930,2010,1939,,2021,1952,,1958,2030,2007,,2041,2020,,2054,2028,2112,2037,2115,2123,2052,,2058,2130,2107,2145,2120,2128,2159,2137,,2219,2154,,2232,2205,2212,2247,2226,2259,2236,2245,2312,2252,2319,2306,,2336,2330,,2353, 010,2347,, 004, 032,,,
久米田,発,, 516,, 556, ﾚ, 626, ﾚ, ﾚ, 645, 700, ﾚ,, 716, ﾚ,, ﾚ, 731, ﾚ, 746, ﾚ, ﾚ,, 803, 816, ﾚ,, ﾚ, 829, 840, ﾚ,,, ﾚ,, 856, ﾚ, 910, 916,, ﾚ,, ﾚ, 926, ﾚ,, 943, 957, ﾚ,, ﾚ,, ﾚ,,1013,1028, ﾚ,, ﾚ,, ﾚ,,1042, ﾚ,,1058,1110, ﾚ,, ﾚ,,1125, ﾚ,,, ﾚ,, ﾚ,, ﾚ,,1132,, ﾚ,,1147,, ﾚ,,1202,, ﾚ,,1217,, ﾚ,,1232,, ﾚ,,1247,, ﾚ,,1302,, ﾚ,,1317,, ﾚ,,1332,, ﾚ,,1347,, ﾚ,,1402,, ﾚ,,1417,, ﾚ,,1432,, ﾚ,,1447,, ﾚ,,1502,, ﾚ,,1517,, ﾚ,,1532,, ﾚ,,1547,1630, ﾚ,,1602,1643, ﾚ,,1617,1656, ﾚ,, ﾚ,1713, ﾚ,,1724, ﾚ,, ﾚ,1733, ﾚ,,1744, ﾚ,,1757, ﾚ,1813, ﾚ,,1824, ﾚ,, ﾚ,1833, ﾚ,,1844,, ﾚ,,1857, ﾚ,1913, ﾚ,,1926, ﾚ,, ﾚ,1935, ﾚ,,1944, ﾚ,,1957, ﾚ,2013, ﾚ,,2024, ﾚ,, ﾚ,2033, ﾚ,,2044, ﾚ,,2057, ﾚ,2115, ﾚ,, ﾚ, ﾚ,, ﾚ,2133, ﾚ,2148, ﾚ, ﾚ,2202, ﾚ,,2222, ﾚ,,2235, ﾚ, ﾚ,2250, ﾚ,2302, ﾚ, ﾚ,, ﾚ,2322, ﾚ,,2339, ﾚ,,2356, 013, ﾚ,, ﾚ, 035,,,
下松,発,, 517,, 558, ﾚ, 628, ﾚ, ﾚ, 647, 702, ﾚ,, 718, ﾚ,, ﾚ, 733, ﾚ, 748, ﾚ, ﾚ,, 804, 818, ﾚ,, ﾚ, 831, 842, ﾚ,,, ﾚ,, 858, ﾚ, 912, 918,, ﾚ,, ﾚ, 928, ﾚ,, 945, 958, ﾚ,, ﾚ,, ﾚ,,1015,1030, ﾚ,, ﾚ,, ﾚ,,1044, ﾚ,,1059,1112, ﾚ,, ﾚ,,1127, ﾚ,,, ﾚ,, ﾚ,, ﾚ,,1134,, ﾚ,,1148,, ﾚ,,1203,, ﾚ,,1218,, ﾚ,,1233,, ﾚ,,1248,, ﾚ,,1303,, ﾚ,,1318,, ﾚ,,1333,, ﾚ,,1348,, ﾚ,,1403,, ﾚ,,1418,, ﾚ,,1433,, ﾚ,,1448,, ﾚ,,1503,, ﾚ,,1518,, ﾚ,,1533,, ﾚ,,1548,1632, ﾚ,,1603,1645, ﾚ,,1618,1658, ﾚ,, ﾚ,1715, ﾚ,,1726, ﾚ,, ﾚ,1735, ﾚ,,1746, ﾚ,,1759, ﾚ,1815, ﾚ,,1826, ﾚ,, ﾚ,1835, ﾚ,,1846,, ﾚ,,1859, ﾚ,1915, ﾚ,,1928, ﾚ,, ﾚ,1937, ﾚ,,1946, ﾚ,,1959, ﾚ,2015, ﾚ,,2026, ﾚ,, ﾚ,2035, ﾚ,,2046, ﾚ,,2059, ﾚ,2117, ﾚ,, ﾚ, ﾚ,, ﾚ,2135, ﾚ,2150, ﾚ, ﾚ,2204, ﾚ,,2224, ﾚ,,2237, ﾚ, ﾚ,2252, ﾚ,2304, ﾚ, ﾚ,, ﾚ,2324, ﾚ,,2341, ﾚ,,2358, 015, ﾚ,, ﾚ, 037,,,
東岸和田,発,, 520,, 600, 551, 630, 620, ﾚ, 650, 705, 644,, 726, 700,, 709, 743, 716, 754, 724, 739,, 807, 820, 753,, 803, 834, 845, 814,,, 830,, 903, 840, 915, 928,, 856,, 902, 936, 909,, 958,1006, 926,, 933,, 942,,1027,1043, 956,,1003,,1012,,1059,1025,,1111,1118,1041,,1048,,1129,1057,,,1110,,1116,,1125,,1141,,1139,,1156,,1154,,1211,,1209,,1225,,1223,,1241,,1239,,1256,,1254,,1311,,1309,,1325,,1323,,1341,,1339,,1356,,1354,,1411,,1409,,1425,,1423,,1441,,1439,,1456,,1454,,1511,,1509,,1525,,1523,,1541,,1539,,1556,1642,1554,,1611,1652,1609,,1625,1704,1623,,1630,1717,1640,,1729,1656,,1702,1744,1712,,1758,1724,,1805,1733,1817,1742,,1829,1756,,1803,1844,1812,,1858,,1824,,1905,1833,1917,1842,,1930,1856,,1903,1945,1912,,1958,1926,,2005,1935,2017,1943,,2029,1957,,2003,2044,2012,,2058,2024,,2105,2033,2126,2042,, ﾚ,2057,,2103,2144,2112,2200,2124,2133,2211,2142,,2234,2159,,2244,2210,2217,2259,2231,2316,2240,2250,,2257,2336,2311,,2343,2335,, 000, 017,2351,, 009, 040,,,
東貝塚,発,, 522,, 603, ﾚ, 632, ﾚ, ﾚ, 652, 707, ﾚ,, 728, ﾚ,,, 745, ﾚ, 757, ﾚ, ﾚ,, 809, 823, ﾚ,, ﾚ, 836, 847, ﾚ,,, ﾚ,, 905, ﾚ, 917, 930,, ﾚ,, ﾚ, 945, ﾚ,,1000,1016, ﾚ,, ﾚ,, ﾚ,,1029,1045, ﾚ,, ﾚ,, ﾚ,,1101, ﾚ,,1113,1122, ﾚ,, ﾚ,,1131, ﾚ,,, ﾚ,, ﾚ,, ﾚ,,1143,, ﾚ,,1158,, ﾚ,,1213,, ﾚ,,1227,, ﾚ,,1243,, ﾚ,,1258,, ﾚ,,1313,, ﾚ,,1327,, ﾚ,,1343,, ﾚ,,1358,, ﾚ,,1413,, ﾚ,,1427,, ﾚ,,1443,, ﾚ,,1458,, ﾚ,,1513,, ﾚ,,1527,, ﾚ,,1543,, ﾚ,,1558,1644, ﾚ,,1613,1659, ﾚ,,1627,1715, ﾚ,, ﾚ,1719, ﾚ,,1731, ﾚ,, ﾚ,1746, ﾚ,,1800, ﾚ,,1815, ﾚ,1820, ﾚ,,1831, ﾚ,, ﾚ,1846, ﾚ,,1900,, ﾚ,,1915, ﾚ,1920, ﾚ,,1932, ﾚ,, ﾚ,1947, ﾚ,,2000, ﾚ,,2015, ﾚ,2020, ﾚ,,2031, ﾚ,, ﾚ,2046, ﾚ,,2100, ﾚ,,2115, ﾚ,2128, ﾚ,,2132, ﾚ,, ﾚ,2147, ﾚ,2203, ﾚ, ﾚ,2213, ﾚ,,2237, ﾚ,,2246, ﾚ, ﾚ,2302, ﾚ,2318,, ﾚ,, ﾚ,2339, ﾚ,,2346, ﾚ,, 002, 020, ﾚ,, ﾚ, 042,,,
和泉橋本,発,, 524,, 605, ﾚ, 635, ﾚ, ﾚ, 654, 709, ﾚ,, 731, ﾚ,,, 748, ﾚ, 759, ﾚ, ﾚ,, 812, 825, ﾚ,, ﾚ, 838, 850, ﾚ,,, ﾚ,, 908, ﾚ, 920, 932,, ﾚ,, ﾚ, 948, ﾚ,,1003,1018, ﾚ,, ﾚ,, ﾚ,,1032,1047, ﾚ,, ﾚ,, ﾚ,,1103, ﾚ,,1116,1125, ﾚ,, ﾚ,,1134, ﾚ,,, ﾚ,, ﾚ,, ﾚ,,1146,, ﾚ,,1201,, ﾚ,,1216,, ﾚ,,1230,, ﾚ,,1246,, ﾚ,,1301,, ﾚ,,1316,, ﾚ,,1330,, ﾚ,,1346,, ﾚ,,1401,, ﾚ,,1416,, ﾚ,,1430,, ﾚ,,1446,, ﾚ,,1501,, ﾚ,,1516,, ﾚ,,1530,, ﾚ,,1546,, ﾚ,,1601,1646, ﾚ,,1616,1701, ﾚ,,1629,1717, ﾚ,, ﾚ,1722, ﾚ,,1733, ﾚ,, ﾚ,1748, ﾚ,,1802, ﾚ,,1817, ﾚ,1822, ﾚ,,1833, ﾚ,, ﾚ,1848, ﾚ,,1902,, ﾚ,,1917, ﾚ,1922, ﾚ,,1935, ﾚ,, ﾚ,1949, ﾚ,,2003, ﾚ,,2017, ﾚ,2022, ﾚ,,2033, ﾚ,, ﾚ,2048, ﾚ,,2103, ﾚ,,2117, ﾚ,2131, ﾚ,,, ﾚ,, ﾚ,2149, ﾚ,2205, ﾚ, ﾚ,2216, ﾚ,,2239, ﾚ,,2248, ﾚ, ﾚ,2304, ﾚ,2320,, ﾚ,, ﾚ,2341, ﾚ,,2348, ﾚ,, 005, 022, ﾚ,, ﾚ, 045,,,
東佐野,発,, 526,, 607, ﾚ, 637, ﾚ, ﾚ, 656, 711, ﾚ,, 733, ﾚ,,, 750, ﾚ, 801, ﾚ, ﾚ,, 814, 827, ﾚ,, ﾚ, 841, 852, ﾚ,,, ﾚ,, 910, ﾚ, 922, 934,, ﾚ,, ﾚ, 950, ﾚ,,1005,1020, ﾚ,, ﾚ,, ﾚ,,1034,1049, ﾚ,, ﾚ,, ﾚ,,1105, ﾚ,,1118,1127, ﾚ,, ﾚ,,1136, ﾚ,,, ﾚ,, ﾚ,, ﾚ,,1148,, ﾚ,,1203,, ﾚ,,1218,, ﾚ,,1232,, ﾚ,,1248,, ﾚ,,1303,, ﾚ,,1318,, ﾚ,,1332,, ﾚ,,1348,, ﾚ,,1403,, ﾚ,,1418,, ﾚ,,1432,, ﾚ,,1448,, ﾚ,,1503,, ﾚ,,1518,, ﾚ,,1532,, ﾚ,,1548,, ﾚ,,1603,1648, ﾚ,,1618,1703, ﾚ,,1631,1719, ﾚ,, ﾚ,1724, ﾚ,,1735, ﾚ,, ﾚ,1750, ﾚ,,1804, ﾚ,,1819, ﾚ,1824, ﾚ,,1836, ﾚ,, ﾚ,1850, ﾚ,,1904,, ﾚ,,1919, ﾚ,1924, ﾚ,,1937, ﾚ,, ﾚ,1951, ﾚ,,2005, ﾚ,,2019, ﾚ,2024, ﾚ,,2036, ﾚ,, ﾚ,2050, ﾚ,,2105, ﾚ,,2119, ﾚ,2133, ﾚ,,, ﾚ,, ﾚ,2151, ﾚ,2207, ﾚ, ﾚ,2218, ﾚ,,2241, ﾚ,,2251, ﾚ, ﾚ,2306, ﾚ,2322,, ﾚ,, ﾚ,2343, ﾚ,,2350, ﾚ,, 007, 024, ﾚ,, ﾚ, 047,,,
熊取,発,, 529,, 609, 556, 639, 626, ﾚ, 703, 724, 649,, 738, 706,,, 753, 721, 811, 730, 747,, 816, 837, 758,, 808, 848, 856, 819,,, 836,, 912, 846, 927, 936, 944, 901,, 907, 952, 914,,1007,1023, 932,, 939,, 947,,1036,1051,1002,,1009,,1017,,1108,1030,,1127,1134,1046,,1053,,1141,1102,,,1115,,1122,,1131,,1150,,1144,,1205,,1159,,1220,,1214,,1234,,1228,,1250,,1244,,1305,,1259,,1320,,1314,,1334,,1328,,1350,,1344,,1405,,1359,,1420,,1414,,1434,,1428,,1450,,1444,,1505,,1459,,1520,,1514,,1535,,1528,,1550,,1544,,1605,1650,1559,,1620,1705,1614,,1641,1721,1628,,1635,1726,1645,,1738,1701,,1707,1753,1717,,1807,1731,,1821,1740,1826,1747,,1838,1802,,1808,1853,1817,,1907,1912,1831,,1922,1840,1933,1847,,1939,1902,,1908,1954,1917,,2007,1931,,2022,1941,2027,1948,,2038,2002,,2009,2053,2017,,2107,2031,,2122,2040,2135,2047,,,2102,,2109,2154,2117,2210,2129,2140,2226,2147,,2244,2204,,2257,2215,2222,2309,2237,2325,,2255,,2302,2346,2317,,2353,2340,, 010, 027,2357,, 014, 049,,,
日根野,着,, 532,, 612, 558, 642, 628, 645, 706, 727, 651,↴, 741, 708,↴,, 756, 724, 813, 732, 750,,, 840, 801,↴, 811, 851, 859, 822,↴,, 838,↴, 915, 848, 930,, 947, 904,↴, 910,, 917,↴,,, 935,↴, 942,, 950,↴,,,1005,↴,1012,,1020,↴,,1033,↴,1130,1137,1049,↴,1056,,1144,1105,↴,,1118,↴,1125,,1134,↴,1153,,1147,↴,1208,,1202,↴,1223,,1217,↴,1237,,1231,↴,1253,,1247,↴,1308,,1302,↴,1323,,1317,↴,1337,,1331,↴,1353,,1347,↴,1408,,1402,↴,1423,,1417,↴,1437,,1431,↴,1453,,1447,↴,1508,,1502,↴,1523,,1517,↴,1538,,1531,↴,1553,,1547,↴,1608,,1602,↴,1623,,1617,↴,1644,,1631,↴,1638,1729,1648,↴,,1704,↴,1710,1756,1720,↴,,1734,↴,,1742,1829,1750,↴,,1804,↴,1811,1856,1820,↴,,1915,1834,↴,1925,1842,1936,1850,↴,,1904,↴,1911,1957,1920,↴,,1934,↴,2025,1944,2030,1951,↴,,2005,↴,2012,2056,2020,↴,,2034,↴,2125,2042,2138,2050,,,2105,↴,2112,2157,2120,2213,2132,2142,2229,2150,↴,2247,2207,,2300,2218,2225,2312,2239,2328,,2258,,2305,2349,2320,↴,2356,2343,, 012, 030,2359,, 016, 052,,,
運用番号,,,||,140+154,||,162+144,||,130,,||,||,166,,,163,,,||,||,||,159+142,||,163,,,177,,,,,180,,,183,,,,,,,140,,,,156,,,,179,,,,130,,,,166,,,,136,,,162,,,,139,,,,,177,,,159,,,,163,,,,180,,,,183,,,,127,,,,140,,,,156,,,,179,,,,130,,,,166,,,,136,,,,162,,,,139,,,,177,,,,159,,,,163,,,,180,,,,183,,,,127,,,,140,,,,156,,,,179,,,,130,,,166,,||,,136,,,162,,,||,,139,,,177,,||,,159,,,,163,,,||,,180,,,183,,||,,127,,,140,,,||,,156,,,172,,||,||,122,,,181,,||,||,,142,,,143,,||,,,||,184,||,||,129,,,154,,||,182+180,||,,183,||,,||,,127+128,,134,,||,,,||,,,,,,,,
日根野,発,,||, 534,||, 559,||, 632,,||,||, 653,||,, 710,||,,||,||,||, 733,||, 753,,, 803,||,,,, 824,||,, 842,||,,,,,, 906,||,,, 919,||,,, 938,||,,, 952,||,,,1007,||,,,1022,||,,1036,||,,,1051,||,,,,1107,||,,1121,||,,,1137,||,,,1149,||,,,1204,||,,,1219,||,,,1234,||,,,1249,||,,,1304,||,,,1319,||,,,1334,||,,,1349,||,,,1404,||,,,1419,||,,,1434,||,,,1449,||,,,1504,||,,,1519,||,,,1534,||,,,1549,||,,,1605,||,,,1619,||,,,1635,||,,,1650,||,,1706,||,||,,1722,||,,1736,||,,||,,1752,||,,1806,||,||,,1822,||,,,1836,||,,||,,1852,||,,1906,||,||,,1922,||,,1936,||,,||,,1953,||,,2007,||,||,||,2022,||,,2036,||,||,||,,2052,,,2107,||,||,,,||,2134,||,||,2152,||,,2209,,||,2222,||,,2241,||,,||,,2306,,2324,||,||,,,||,,,,,,,,
りんくうタウン,発,,||, 538,||, 604,||, 636,,||,||, 658,||,, 715,||,,||,||,||, 737,||, 757,,, 807,||,,,, 828,||,, 846,||,,,,,, 913,||,,, 924,||,,, 943,||,,, 956,||,,,1013,||,,,1026,||,,1041,||,,,1055,||,,,,1112,||,,1126,||,,,1141,||,,,1154,||,,,1211,||,,,1224,||,,,1241,||,,,1254,||,,,1311,||,,,1324,||,,,1341,||,,,1354,||,,,1411,||,,,1424,||,,,1441,||,,,1454,||,,,1511,||,,,1524,||,,,1541,||,,,1554,||,,,1611,||,,,1624,||,,,1641,||,,,1654,||,,1711,||,||,,1726,||,,1741,||,,||,,1756,||,,1813,||,||,,1826,||,,,1843,||,,||,,1856,||,,1913,||,||,,1927,||,,1943,||,,||,,1957,||,,2013,||,||,||,2027,||,,2043,||,||,||,,2057,,,2112,||,||,,,||,2139,||,||,2156,||,,2213,,||,2228,||,,2247,||,,||,,2310,,2330,||,||,,,||,,,,,,,,
関西空港,着,,||, 544,||, 609,||, 642,,||,||, 704,||,, 720,||,,||,||,||, 743,||, 803,,, 813,||,,,, 834,||,, 852,||,,,,,, 918,||,,, 929,||,,, 948,||,,,1002,||,,,1018,||,,,1032,||,,1046,||,,,1101,||,,,,1117,||,,1131,||,,,1147,||,,,1159,||,,,1216,||,,,1229,||,,,1246,||,,,1259,||,,,1316,||,,,1329,||,,,1346,||,,,1359,||,,,1416,||,,,1429,||,,,1446,||,,,1459,||,,,1516,||,,,1529,||,,,1546,||,,,1559,||,,,1616,||,,,1629,||,,,1646,||,,,1700,||,,1716,||,||,,1732,||,,1746,||,,||,,1802,||,,1818,||,||,,1832,||,,,1848,||,,||,,1902,||,,1918,||,||,,1932,||,,1948,||,,||,,2003,||,,2018,||,||,||,2032,||,,2048,||,||,||,,2103,,,2117,||,||,,,||,2144,||,||,2202,||,,2219,,||,2234,||,,2253,||,,||,,2316,,2336,||,||,,,||,,,,,,,,
運用番号,,179,172,,176,,137,,,113,116,,161,,,155,,123,151,173,,165+164,,,,,184,,,,,143,,,181,,,,,,,154,,,,182,,,,128,,,,129,,,,172,,,,170,,,144,,,,155,,,,,153,,,142,,,,150,,,,169,,,,184,,,,122,,,,143,,,,161,,,,181,,,,154,,,,182,,,,128,,,,129,,,,173,,,,170,,,,144,,,,155,,,,153,,,,142,,,,172,,,,169,,,,122,,,,143,,,,150,,,184,126,,,154,,,168,,185+133,,,182,,,128,148+157,,,173,,,,134,,174+132,,,170,,,144,146+138,,,161,,,153,,171+175,,,155,,,179,185+133,64,,130,,,166,116,148,,,,,,162,174,,,176,,146+138,123,,159,,,,63,,135,,,62,,155+181,,,,,172,69,,140,64,,,,,,,,
日根野,発, 513, 532,, 613,, 643,,, 706, 728,, 655,,, 712,, 757, 724, 814,, 750,,,,, 805,,,,, 827,,, 844,,,,,,, 908,,,, 921,,,, 939,,,, 954,,,,1009,,,,1024,,,1039,,,,1053,,,,,1109,,,1123,,,,1139,,,,1151,,,,1206,,,,1221,,,,1236,,,,1251,,,,1306,,,,1321,,,,1336,,,,1351,,,,1406,,,,1421,,,,1436,,,,1451,,,,1506,,,,1521,,,,1536,,,,1551,,,,1607,,,,1621,,,,1637,,,,1652,,,1708,1714,,,1724,,,1739,,1746,,,1754,,,1809,1816,,,1824,,,,1839,,1846,,,1854,,,1909,1916,,,1924,,,1939,,1947,,,1955,,,2009,2016,2056,,2024,,,2038,2128,2046,,,,,,2109,2116,,,2214,,2146,2236,,2155,,,,2303,,2227,,,2330,,2258,,,,,2325, 001,,2345, 018,,,,,,,,
長滝,発, 516, 535,, 615,, 646,,, 709, 730,, ﾚ,,, ﾚ,, 800, ﾚ, 817,, ﾚ,,,,, ﾚ,,,,, 830,,, 846,,,,,,, 910,,,, 923,,,, 942,,,, 957,,,,1011,,,,1027,,,1041,,,,1055,,,,,1111,,,1127,,,,1141,,,,1153,,,,1209,,,,1224,,,,1239,,,,1254,,,,1309,,,,1324,,,,1339,,,,1354,,,,1409,,,,1424,,,,1439,,,,1454,,,,1509,,,,1524,,,,1539,,,,1554,,,,1610,,,,1623,,,,1640,,,,1654,,,1711, ﾚ,,,1726,,,1742,, ﾚ,,,1756,,,1812, ﾚ,,,1826,,,,1842,, ﾚ,,,1856,,,1912, ﾚ,,,1926,,,1942,, ﾚ,,,1957,,,2011, ﾚ,2059,,2026,,,2041,2131, ﾚ,,,,,,2112, ﾚ,,,2216,, ﾚ,2239,,2157,,,,2305,, ﾚ,,,2332,, ﾚ,,,,,2328, 004,,2347, 021,,,,,,,,
新家,発, 518, 537,, 618,, 649,,, 712, 733,, ﾚ,,, ﾚ,, 803, ﾚ, 820,, ﾚ,,,,, ﾚ,,,,, 833,,, 849,,,,,,, 913,,,, 926,,,, 945,,,, 959,,,,1014,,,,1029,,,1044,,,,1058,,,,,1114,,,1130,,,,1144,,,,1156,,,,1211,,,,1226,,,,1241,,,,1256,,,,1311,,,,1326,,,,1341,,,,1356,,,,1411,,,,1426,,,,1441,,,,1456,,,,1511,,,,1526,,,,1541,,,,1556,,,,1613,,,,1626,,,,1643,,,,1657,,,1714, ﾚ,,,1729,,,1745,, ﾚ,,,1759,,,1815, ﾚ,,,1829,,,,1845,, ﾚ,,,1859,,,1915, ﾚ,,,1929,,,1945,, ﾚ,,,2000,,,2014, ﾚ,2102,,2029,,,2044,2134, ﾚ,,,,,,2115, ﾚ,,,2219,, ﾚ,2242,,2200,,,,2308,, ﾚ,,,2335,, ﾚ,,,,,2330, 006,,2350, 023,,,,,,,,
和泉砂川,発, 521, 540,, 621,, 651,,, 720, 736,, 701,,, 718,, 812, 730, 822,, 755,,,,, 810,,,,, 835,,, 852,,,,,,, 916,,,, 929,,,, 953,,,,1002,,,,1022,,,,1032,,,1046,,,,1105,,,,,1117,,,1133,,,,1147,,,,1203,,,,1214,,,,1229,,,,1244,,,,1304,,,,1314,,,,1329,,,,1344,,,,1404,,,,1414,,,,1429,,,,1444,,,,1503,,,,1514,,,,1529,,,,1544,,,,1603,,,,1615,,,,1629,,,,1645,,,,1705,,,1722,1720,,,1732,,,1754,,1751,,,1809,,,1825,1823,,,1832,,,,1854,,1852,,,1909,,,1925,1922,,,1940,,,1955,,1953,,,2008,,,2025,2022,2104,,2032,,,2054,2136,2052,,,,,,2124,2122,,,2221,,2152,2244,,2211,,,,2310,,2232,,,2345,,2303,,,,,2333, 009,,2353, 026,,,,,,,,
和泉鳥取,発, 524, 543,, 624,, 654,,, 723, 739,, ﾚ,,, ﾚ,, 815, ﾚ, 825,, ﾚ,,,,, ﾚ,,,,, 838,,, 855,,,,,,, 919,,,, 932,,,, 956,,,,1005,,,,1025,,,,1035,,,1049,,,,1108,,,,,1120,,,1136,,,,1150,,,,1206,,,,1217,,,,1232,,,,1247,,,,1307,,,,1317,,,,1332,,,,1347,,,,1407,,,,1417,,,,1432,,,,1447,,,,1506,,,,1517,,,,1532,,,,1547,,,,1606,,,,1619,,,,1632,,,,1649,,,,1708,,,1725, ﾚ,,,1735,,,1757,, ﾚ,,,1813,,,1828, ﾚ,,,1835,,,,1857,, ﾚ,,,1912,,,1928, ﾚ,,,1943,,,1958,, ﾚ,,,2012,,,2028, ﾚ,,,2035,,,2057,2139, ﾚ,,,,,,2127, ﾚ,,,2224,, ﾚ,2248,,2214,,,,2313,, ﾚ,,,2348,, ﾚ,,,,,2336, 012,,2356, 029,,,,,,,,
山中渓,発, 527, 546,, 626,, 657,,, 726, 742,, ﾚ,,, ﾚ,, 818, ﾚ, 828,, ﾚ,,,,, ﾚ,,,,, 841,,, 857,,,,,,, 921,,,, 935,,,, 958,,,,1008,,,,1028,,,,1038,,,1052,,,,1110,,,,,1122,,,1138,,,,1152,,,,1209,,,,1220,,,,1235,,,,1250,,,,1309,,,,1320,,,,1335,,,,1350,,,,1409,,,,1420,,,,1435,,,,1450,,,,1509,,,,1520,,,,1535,,,,1550,,,,1609,,,,1622,,,,1635,,,,1652,,,,1711,,,1728, ﾚ,,,1738,,,1800,, ﾚ,,,1815,,,1831, ﾚ,,,1838,,,,1900,, ﾚ,,,1915,,,1931, ﾚ,,,1946,,,2001,, ﾚ,,,2014,,,2031, ﾚ,,,2038,,,2100,2142, ﾚ,,,,,,2130, ﾚ,,,2227,, ﾚ,2250,,2217,,,,2316,, ﾚ,,,2351,, ﾚ,,,,,2339, 015,,2359, 032,,,,,,,,
紀伊,発, 534, 553,, 633,, 704,,, 733, 749,, 712,,, 729,, 825, 741, 835,, 806,,,,, 821,,,,, 848,,, 904,,,,,,, 928,,,, 942,,,,1006,,,,1015,,,,1035,,,,1045,,,1059,,,,1118,,,,,1129,,,1145,,,,1200,,,,1216,,,,1228,,,,1242,,,,1257,,,,1317,,,,1327,,,,1342,,,,1357,,,,1417,,,,1427,,,,1442,,,,1457,,,,1516,,,,1527,,,,1542,,,,1557,,,,1616,,,,1629,,,,1642,,,,1659,,,,1718,,,1735,1731,,,1745,,,1807,,1802,,,1823,,,1838,1834,,,1845,,,,1907,,1903,,,1922,,,1938,1933,,,1953,,,2008,,2004,,,2022,,,2038,2033,,,2045,,,2107,2150,2103,,,,,,2137,2133,,,2234,,2203,2258,,2224,,,,2323,,2243,,,2358,,2314,,,,,2346, 022,, 006, 039,,,,,,,,
六十谷,発, 538, 557,, 637,, 708,,, 737, 753,, 715,,, 733,, 829, 745, 839,, 810,,,,, 825,,,,, 852,,, 908,,,,,,, 932,,,, 946,,,,1010,,,,1019,,,,1039,,,,1049,,,1103,,,,1122,,,,,1133,,,1149,,,,1204,,,,1220,,,,1232,,,,1246,,,,1301,,,,1321,,,,1331,,,,1346,,,,1401,,,,1421,,,,1431,,,,1446,,,,1501,,,,1520,,,,1531,,,,1546,,,,1601,,,,1620,,,,1633,,,,1647,,,,1703,,,,1723,,,1739,1735,,,1749,,,1811,,1806,,,1827,,,1842,1839,,,1849,,,,1912,,1907,,,1926,,,1943,1937,,,1957,,,2013,,2008,,,2026,,,2042,2037,,,2050,,,2111,2154,2107,,,,,,2141,2137,,,2238,,2206,2302,,2228,,,,2327,,2246,,, 002,,2318,,,,,2350, 026,, 010, 043,,,,,,,,
紀伊中ノ島,発, 541, 600,, 640,, 711,,, 740, 756,, ﾚ,,, ﾚ,, 832, ﾚ, 842,, ﾚ,,,,, ﾚ,,,,, 855,,, 911,,,,,,, 935,,,, 949,,,,1013,,,,1022,,,,1042,,,,1052,,,1106,,,,1125,,,,,1136,,,1153,,,,1207,,,,1223,,,,1235,,,,1249,,,,1304,,,,1324,,,,1334,,,,1349,,,,1404,,,,1424,,,,1434,,,,1449,,,,1504,,,,1523,,,,1534,,,,1549,,,,1604,,,,1623,,,,1636,,,,1650,,,,1706,,,,1726,,,1742, ﾚ,,,1752,,,1814,, ﾚ,,,1830,,,1845, ﾚ,,,1853,,,,1915,, ﾚ,,,1929,,,1946, ﾚ,,,2001,,,2016,, ﾚ,,,2029,,,2045, ﾚ,,,2053,,,2114,2157, ﾚ,,,,,,2145, ﾚ,,,2241,, ﾚ,2305,,2231,,,,2330,, ﾚ,,, 005,, ﾚ,,,,,2353, 029,, 013, 046,,,,,,,,
和歌山,着, 543, 603,, 643,, 714,,, 742, 758,, 720,,, 738,, 834, 750, 845,, 815,,,,, 830,,,,, 858,,, 914,,,,,,, 938,,,, 952,,,,1015,,,,1024,,,,1044,,,,1055,,,1109,,,,1127,,,,,1139,,,1155,,,,1209,,,,1226,,,,1237,,,,1252,,,,1307,,,,1326,,,,1337,,,,1352,,,,1407,,,,1426,,,,1437,,,,1452,,,,1507,,,,1525,,,,1537,,,,1552,,,,1607,,,,1626,,,,1639,,,,1652,,,,1709,,,,1728,,,1745,1739,,,1755,,,1817,,1810,,,1833,,,1848,1843,,,1855,,,,1917,,1911,,,1932,,,1948,1941,,,2003,,,2018,,2013,,,2031,,,2048,2041,,,2055,,,2117,2200,2111,,,,,,2147,2141,,,2244,,2211,2307,,2234,,,,2333,,2251,,, 008,,2322,,,,,2356, 031,, 016, 048,,,,,,,,
備考,,,,,,,,,,,,,,,,,,,,,,,,,,,,,,,,,,,,,,,,,,,,,,,,,,,,,,,,,,,,,,,,,,,,,,,,,,,,,,,,,,,,,,,,,,,,,,,,,,,,,,,,,,,,,,,,,,,,,,,,,,,,,,,,,,,,,,,,,,,,,,,,,,,,,,,,,,,,,,,,,,,,,,,,,,,,,,,,,,,,,,,,,,,,,,,,,,,,,,,,,,,,,,,,,,,,,,,,,,,,,,,,,,,,,,,,,,,,,,,,,,,,,,,,,,,,,,,,,,,,,,,,,,
